A_gate,A_invariant,A_rank_score,C_lock_lt_threshold,C_lock_max_lt_threshold,K_axial_a_norm,K_axial_b_norm,P_norm,Q_norm,best_C_eigen_J_lock_max_resid,best_C_eigen_J_lock_mean_resid,best_C_eigen_candidate,best_any_J_lock_max_resid,best_any_J_lock_mean_resid,best_any_candidate,beta2_opening_audit_only,candidate_eval_status,candidate_id,cascade_index,comm_abs_area,comm_signed_birth,comm_signed_birth_over_abs,decision_used_delta_beta,delta_beta1_audit_only,delta_beta2_audit_only,delta_beta3_audit_only,directed_imbalance,event_t,face_a,face_a_tuple,face_b,face_b_tuple,move_class,nonlinear_cascade_score,phase_sign,rank_A_score,raw_QP_J_lock_mean_resid,rule,scan_id,selected_by_A_rank_rule,transport_cosine_ka_kb_reversed,transverse_complementarity,unit_QP_J_lock_mean_resid,variant
True,4.420385723163341,19.526547363494412,False,True,0.44735094812115345,0.136614052361414,0.5601566550292781,0.7492460224627989,0.21294058867652324,0.2129405886765075,unit_C_eigen_transported_even_odd,0.21294058867652324,0.2129405886765075,unit_C_eigen_transported_even_odd,True,ok,34,1,0.10539669846880446,-0.025196802658804262,-0.23906633722519302,False,0,1,0,0.3811503034968431,6,4 5 6,"[4, 5, 6]",0 1 2,"[0, 1, 2]",handle_candidate,896.1018385544807,-1,1,0.966318137037238,A_rank_rule,0,True,0.5064150578052397,0.41941405673564996,0.9655880003889558,real_growth
True,3.9060387872554445,19.50508846708531,True,True,0.6934959065413658,0.136614052361414,0.9623835546302191,1.0354794930596984,0.17309180304907085,0.17309180304906585,unit_C_eigen_transported_even_odd,0.17309180304907085,0.17309180304906585,unit_C_eigen_transported_even_odd,True,ok,32,1,0.18593209519339876,-0.03424064958868316,-0.1841567457887425,False,0,2,0,0.47978443481550515,6,3 4 5,"[3, 4, 5]",0 1 2,"[0, 1, 2]",handle_candidate,731.0228921546982,-1,2,0.9818003467404565,A_rank_rule,0,False,0.19267692094939406,0.33612090443309484,0.9817757253776311,real_growth
True,4.41971499851247,19.364494931025543,False,False,0.44735094812115345,0.20424687703011582,0.7307898873544995,0.6582588934349576,0.3443196933378935,0.34431969333788964,unit_C_eigen_transported_even_odd,0.3443196933378935,0.34431969333788964,unit_C_eigen_transported_even_odd,True,ok,36,1,0.1809959497870077,-0.10394008031778125,-0.5742674376941668,False,0,1,0,0.3811503034968431,6,4 5 6,"[4, 5, 6]",0 1 3,"[0, 1, 3]",handle_candidate,813.029372313772,-1,3,0.9109108142528826,A_rank_rule,0,False,-0.13783114135211968,0.3417300614853196,0.9106552980345903,real_growth
True,4.322173248649514,17.211154376994966,False,False,0.44735094812115345,0.42331185692314544,0.2483122877262171,1.2064842326964431,0.6558481898342645,0.6558481898339875,unit_C_eigen_raw_even_odd,0.6558481898342645,0.6558481898339875,unit_C_eigen_raw_even_odd,True,ok,42,1,0.14832299072698446,0.058838801361352125,0.3966937362344519,False,0,1,0,0.16642212957303973,6,4 5 6,"[4, 5, 6]",0 2 3,"[0, 2, 3]",handle_candidate,541.4323967654019,-1,4,0.8697433202384064,A_rank_rule,0,False,0.9201251933605759,0.281228066820324,0.7548928082129673,real_growth
True,3.6469924573940053,16.247818131630577,False,False,0.22205977720691358,0.42331185692314544,0.6214988264900329,0.7264661727374848,0.887507734204899,0.8875077342048959,unit_C_eigen_raw_even_odd,0.46079281865682686,0.46079281865682087,unit_QP,True,ok,38,1,0.18464330196852802,-0.05913584915377344,-0.32027075189292664,False,0,1,0,0.1527644755974492,6,1 4 6,"[1, 4, 6]",0 2 3,"[0, 2, 3]",handle_candidate,386.68289802643073,-1,5,0.46594674010586423,A_rank_rule,0,False,0.18815359180817479,0.26550234612555595,0.46079281865682087,real_growth
True,3.5925740460505455,15.887603690960603,False,False,0.289482371040741,0.42331185692314544,0.5303354204120347,0.8779044522402337,0.8263248644171814,0.8263248644167731,unit_C_eigen_transported_even_odd,0.5432414351981822,0.543241435197854,unit_QP,True,ok,40,1,0.2123494111470391,0.08055928587586209,0.37937136458410187,False,0,1,0,0.12176837387743455,6,1 5 6,"[1, 5, 6]",0 2 3,"[0, 2, 3]",handle_candidate,373.3998959851617,-1,6,0.5814206842789427,A_rank_rule,0,False,0.49928114960868564,0.29618128445723796,0.543241435197854,real_growth
True,3.8999805909940104,19.129510723883353,False,True,0.7826230537759429,0.20424687703011582,1.1351101094362428,1.1525569676893292,0.24701125197646565,0.24701125197645235,unit_C_eigen_transported_even_odd,0.24701125197646565,0.24701125197645235,unit_C_eigen_transported_even_odd,True,ok,48,2,0.31954087572791445,0.0897569253825425,0.2808934073858164,False,0,1,0,0.42938292169118075,6,2 4 5,"[2, 4, 5]",0 1 3,"[0, 1, 3]",handle_candidate,538.2886407823379,-1,1,0.9676199373087382,A_rank_rule,1,True,0.03121131064012711,0.31593600984829,0.9676180223535247,real_growth
True,3.8175816797023776,18.69590077275841,False,True,0.7772571627016577,0.20424687703011582,0.9546933911204597,1.2930361417772371,0.21072250047328897,0.2107225004732547,unit_C_eigen_raw_even_odd,0.21072250047328897,0.2107225004732547,unit_C_eigen_raw_even_odd,True,ok,50,2,0.2542861223330367,0.049158979862359384,0.19332152069935968,False,0,1,0,0.3791562656974019,6,2 4 6,"[2, 4, 6]",0 1 3,"[0, 1, 3]",handle_candidate,498.6366200504699,-1,2,0.9780603981539607,A_rank_rule,1,False,0.598812396982509,0.32877235633942,0.9775459210664162,real_growth
True,3.6469924573940053,16.247818131630577,False,False,0.22205977720691358,0.42331185692314544,0.6214988264900329,0.7264661727374848,0.887507734204899,0.8875077342048959,unit_C_eigen_raw_even_odd,0.46079281865682686,0.46079281865682087,unit_QP,True,ok,52,2,0.18464330196852802,-0.05913584915377344,-0.32027075189292664,False,0,1,0,0.1527644755974492,6,1 4 6,"[1, 4, 6]",0 2 3,"[0, 2, 3]",handle_candidate,309.3463184211446,-1,3,0.46594674010586423,A_rank_rule,1,False,0.18815359180817479,0.26550234612555595,0.46079281865682087,real_growth
